Amino,Codons_int,Codons_string
A,342,GCT
A,344,GCC
A,341,GCA
A,343,GCG
R,432,CGT
R,434,CGC
R,431,CGA
R,433,CGG
R,131,AGA
R,133,AGG
N,112,AAT
N,114,AAC
D,312,GAT
D,314,GAC
C,232,TGT
C,234,TGC
Q,411,CAA
Q,413,CAG
E,311,GAA
E,313,GAG
G,332,GGT
G,334,GGC
G,331,GGA
G,333,GGG
H,412,CAT
H,414,CAC
I,122,ATT
I,124,ATC
I,121,ATA
START,123,ATG
L,221,TTA
L,223,TTG
L,422,CTT
L,424,CTC
L,421,CTA
L,423,CTG
K,111,AAA
K,113,AAG
F,222,TTT
F,224,TTC
P,442,CCT
P,444,CCC
P,441,CCA
P,443,CCG
S,242,TCT
S,244,TCC
S,241,TCA
S,243,TCG
S,132,AGT
S,134,AGC
T,142,ACT
T,144,ACC
T,141,ACA
T,143,ACG
W,233,TGG
Y,212,TAT
Y,214,TAC
V,322,GTT
V,324,GTC
V,321,GTA
V,323,GTG
STOP,211,TAA
STOP,231,TGA
STOP,213,TAG
